{
    "AUT - Lower Austria - Krems An Der Donau,Austria": null,
    "California - Irvine,United States of America": null,
    "Rotterdam-South Holland-Netherlands,Netherlands": null,
    "Casablanca,Morocco": {
        "lat": 33.58831,
        "lon": -7.61138
    },
    "Indonesia - Jakarta,Indonesia": null,
    "India, Mumbai,India": null,
    "Cork-Cork-Ireland,Ireland": null,
    "Copiague,United States of America": null,
    "Israel, Tel Hai,Israel": null,
    "Grantley Plant York PA,United States of America": null,
    "US - Massachusetts - Cambridge,United States of America": null,
    "CHN - Liaoning - Anshan,China": null,
    "Kolkata-West Bengal-India,India": null,
    "CT2-Dock Road Junction, Cnr of Dock and Stanley Road, Cape Town, 8001,South Africa": null,
    "Canyon Country,United States of America": null,
    "USA - TX - DALLAS,United States of America": null,
    "All, Georgia, United States of America,United States of America": null,
    "GBR Client Site (CSC Location),United Kingdom": null,
    "United States - Ohio - Cleveland,United States of America": null,
    "Capelle aan den Ijssel-South Holland-Netherlands,Netherlands": null,
    "US - Florida - Daytona Beach,United States of America": null,
    "Glasgow, Glasgow City, United Kingdom,United Kingdom": null,
    "Princeton LVL - NJ,United States of America": null,
    "France,France": {
        "lat": 46.0,
        "lon": 2.0
    },
    "United States - California - San Francisco,United States of America": null,
    "Germany - Hesse - Eschborn,Germany": null,
    "Rancho Cordova-California-United States of America,United States of America": null,
    "Valencia-Valencia-Spain,Spain": null,
    "GBR - LDN - LONDON,United Kingdom": null,
    "North Charleston-South Carolina-United States of America,United States of America": null,
    "All Cities, Virginia, United States of America,United States of America": null,
    "DEU - Rheinland-Pfalz - Schwabenheim,Germany": null,
    "Santa Clara, California, United States of America,United States of America": null,
    "Cypress,United States of America": null,
    "Columbia,United States of America": null,
    "Washington - Seattle,United States of America": null,
    "US - Tennessee - Memphis,United States of America": null,
    "Baltimore,United States of America": null,
    "Andover, Massachusetts, United States of America,United States of America": null,
    "AUS - QLD - BRISBANE,Australia": null,
    "Silverwater,Australia": {
        "lat": -33.10396,
        "lon": 151.56364
    },
    "USA - New York - Albany,United States of America": null,
    "Jakarta, Jawa Barat, Indonesia,Indonesia": null,
    "Cleveland, Ohio,United States of America": null,
    "Amsterdam, Netherlands,Netherlands": null,
    "Albuquerque,United States of America": null,
    "US - Ohio - Dayton,United States of America": null,
    "Lehi,United States of America": null,
    "VisionFund Office Acatl\u00e1n de P\u00e9rez, Mexico,Mexico": null,
    "Invercargill-Southland-New Zealand,New Zealand": null,
    "Austin, Texas, United States of America,United States of America": null,
    "United States - Arizona - Phoenix,United States of America": null,
    "USA NE - Columbus (East),United States of America": null,
    "Camarillo,United States of America": null,
    "Ireland - Galway,Ireland": null,
    "Cleveland,United States of America": null,
    "Arizona Remote Work,United States of America": null,
    "IND - Assam - Guwahati,India": null,
    "Gold River,United States of America": null,
    "Rancho Cordova,United States of America": null,
    "Seoul, Seoul, Korea, Republic of,Korea, Republic of": null,
    "USA - VA - ASHBURN,United States of America": null,
    "Batu Kawan, Pulau Pinang (Penang), Malaysia,Malaysia": null,
    "Spring, Texas,United States of America": null,
    "Kent,United States of America": null,
    "Phoenix - AZ,United States of America": null,
    "Poland,Poland": {
        "lat": 52.0,
        "lon": 20.0
    },
    "CHN - Shandong - Jinan (Enterprise Square),China": null,
    "Hangzhou-Zhejiang-China,China": null,
    "Fresno,United States of America": null,
    "Gainesville - FL - US,United States of America": null,
    "US - Washington D.C.,United States of America": null,
    "Atlanta - GA - US,United States of America": null,
    "Pomona,United States of America": null,
    "United Kingdom,United Kingdom": {
        "lat": 54.75844,
        "lon": -2.69531
    },
    "Abingdon,United States of America": null,
    "Nantong - CN,China": null,
    "ONT39,Canada": null,
    "Carlsbad,United States of America": null,
    "Tel Aviv, Israel (ZIL87),Israel": null,
    "IRL - Dublin - Leopardstown (Red Oak),Ireland": null,
    "London, London, United Kingdom,United Kingdom": null,
    "China - Harbin,China": null,
    "Lynnwood,United States of America": null,
    "Reynosa, Mexico,Mexico": {
        "lat": 26.08061,
        "lon": -98.28835
    },
    "Roswell-Georgia-United States of America,United States of America": null,
    "New Orleans - LA - US,United States of America": null,
    "Houston, TX,United States of America": null,
    "Mexico,Mexico": {
        "lat": 23.0,
        "lon": -102.0
    },
    "DEU - Bavaria - Munich,Germany": null,
    "Roseville,United States of America": null,
    "CHN - SUZHOU,China": null,
    "Annapolis Junction, Maryland, United States of America,United States of America": null,
    "Lanzhou,China": {
        "lat": 36.05701,
        "lon": 103.83987
    },
    "Colorado - Remote,United States of America": null,
    "Puerto Rico - Arecibo,United States of America": null,
    "Remote Pennsylvania,United States of America": null,
    "Beijing-Beijing-China,China": null,
    "Imperi, Sierra Leone,Sierra Leone": {
        "lat": 7.69601,
        "lon": -12.30449
    },
    "Leicester-Leicestershire-United Kingdom,United Kingdom": null,
    "Muramvya Cluster, Burundi,Burundi": null,
    "Rome,Italy": {
        "lat": 41.89193,
        "lon": 12.51133
    },
    "Israel, Raanana,Israel": null,
    "T\u00fcrkiye - Istanbul,T\u00fcrkiye": null,
    "Netherlands, Remote,Netherlands": null,
    "Stuttgart, Germany,Germany": {
        "lat": 48.78232,
        "lon": 9.17702
    },
    "USA - Tennessee - Nashville,United States of America": null,
    "Hollywood,United States of America": null,
    "Johor Bahru, Johor, Malaysia,Malaysia": null,
    "Morocco > Casablanca : 42 Boulevard Abdelmoumen,Morocco": null,
    "BUENOS AIRES CITY, ARG,Argentina": null,
    "Hsinchu,Taiwan": {
        "lat": 24.80361,
        "lon": 120.96861
    },
    "INDIA - MADHYA PRADESH - JABALPUR,India": null,
    "United States - California - Sylmar,United States of America": null,
    "USA NY - Glens Falls,United States of America": null,
    "United States - Tennessee - Memphis,United States of America": null,
    "Halmahera Utara, Indonesia,Indonesia": null,
    "Newtown Square,United States of America": null,
    "Iselin,United States of America": null,
    "Prague, Czech Republic,Czechia": null,
    "Riyadh, Saudi Arabia,Saudi Arabia": {
        "lat": 24.68773,
        "lon": 46.72185
    },
    "US - Michigan - Flint,United States of America": null,
    "United Kingdom - Remote,United Kingdom": null,
    "Brazil, Sao Paulo,Brazil": null,
    "USA - Minnesota - Worthington,United States of America": null,
    "Harbin - CN,China": null,
    "Wanchai, Hong Kong,Hong Kong": null,
    "USA NC - Four Oaks,United States of America": null,
    "Parsons-Kansas-United States of America,United States of America": null,
    "Portland - OR - US,United States of America": null,
    "Hong Kong, Hong Kong (ZHK46),Hong Kong": null,
    "Mannheim-Baden Wuerttemberg-Germany,Germany": null,
    "Germany,Germany": {
        "lat": 51.5,
        "lon": 10.5
    },
    "Poulsbo,United States of America": null,
    "United Kingdom >  Loughton : Remote,United Kingdom": null,
    "Snohomish,United States of America": null,
    "All, Pennsylvania, United States of America,United States of America": null,
    "PHOENIX, AZ, USA,United States of America": null,
    "Gicumbi VF Office, Rwanda,Rwanda": null,
    "United States - Arkansas - Fayetteville,United States of America": null,
    "Ireland - Kilkenny,Ireland": null,
    "COL - DC - BOGOTA,Colombia": null,
    "IND - Tamil Nadu - Chennai,India": null,
    "Bellville, South Africa (ZSA06),South Africa": null,
    "Remote - Spain - ES,Spain": null,
    "Vancouver,United States of America": null,
    "Freetown, Sierra Leone,Sierra Leone": {
        "lat": 8.48714,
        "lon": -13.2356
    },
    "Hewlett,United States of America": null,
    "Wenzhou - CN,China": null,
    "Brazil - Rio de Janeiro,Brazil": null,
    "Putrajaya, Selangor, Malaysia,Malaysia": null,
    "Conway,United States of America": null,
    "US - Maine - Portland,United States of America": null,
    "Grand Rapids - MI - US,United States of America": null,
    "MEX - NLE - MONTERREY,Mexico": null,
    "SGP - Singapore - Singapore (50 Tuas West Dr),Singapore": null,
    "Quebec City - Activision - Beenox,Canada": null,
    "Guadalajara-Jalisco-Mexico,Mexico": null,
    "Fort Pierce,United States of America": null,
    "Belgrade, Beograd, Serbia,Serbia": null,
    "Elk Grove,United States of America": null,
    "Zarhin Raanana,Israel": null,
    "Remote Massachusetts,United States of America": null,
    "Princeton - NJ - US,United States of America": null,
    "CA226 - San Francisco, CA (CA226),United States of America": null,
    "MYS - Selangor - Petaling Jaya (Ascent Paradigm),Malaysia": null,
    "Willowbrook,United States of America": null,
    "HRV - Croatia Proper - Zagreb (Eurotower),Croatia": null,
    "Wuxi-Jiangsu-China,China": null,
    "Fort Worth - TX - US,United States of America": null,
    "United States - New Jersey - Newark,United States of America": null,
    "Chicago, IL,United States of America": null,
    "Chattanooga,United States of America": null,
    "Roanoke-Virginia-United States of America,United States of America": null,
    "Mexico City-Distrito Federal-Mexico,Mexico": null,
    "Japan - Fukuoka,Japan": null,
    "HUN - BU - BUDAPEST,Hungary": null,
    "Yuscaran, El Paraiso, Honduras,Honduras": null,
    "ERIE, PA, USA,United States of America": null,
    "Jacksonville,United States of America": null,
    "Neuruppin-Brandenburg-Germany,Germany": null,
    "US - Colorado - Denver,United States of America": null,
    "Santa Fe,United States of America": null,
    "MacDonald Block P3,Canada": null,
    "All, Hawaii, United States of America,United States of America": null,
    "Stockholm,Sweden": {
        "lat": 59.32938,
        "lon": 18.06871
    },
    "Cuautitlan Izcalli,Mexico": {
        "lat": 19.64388,
        "lon": -99.21598
    },
    "SOUTH DAKOTA VIRTUAL, USA,United States of America": null,
    "San Francisco, CA,United States of America": null,
    "Norrk\u00f6ping-Ostergotland-Sweden,Sweden": null,
    "VisionFund Office, Ometepec, Mexico,Mexico": null,
    "All, Kentucky, United States of America,United States of America": null,
    "Nagoya, Aichi, Japan,Japan": null,
    "Bangkok,Thailand": {
        "lat": 13.75398,
        "lon": 100.50144
    },
    "Houston, Texas, United States of America,United States of America": null,
    "Vietnam - Home Working,Vietnam": null,
    "Las Rozas-Madrid-Spain,Spain": null,
    "Montreal - QC - CA,Canada": null,
    "Montigny le Bretonneux-Yvelines-France,France": null,
    "Switzerland - Remote,Switzerland": null,
    "Accra, Ghana,Ghana": {
        "lat": 5.55602,
        "lon": -0.1969
    },
    "United Kingdom - Wolverhampton,United Kingdom": null,
    "Glen Mills,United States of America": null,
    "AUS - WA - PERTH,Australia": null,
    "Melbourne-Victoria-Australia,Australia": null,
    "Abidjan, Cote d'ivoire,C\u00f4te d'Ivoire": null,
    "Munich, Bavaria, Germany,Germany": null,
    "Johnson Controls-India-Kolkata,India": null,
    "Hopkinton, Massachusetts, United States,United States of America": null,
    "FRA - Brittany - Vitre,France": null,
    "Juneau-Alaska-United States of America,United States of America": null,
    "Tete City, Mozambique,Mozambique": null,
    "USA - Indiana - Indianapolis,United States of America": null,
    "Bratislava-Bratislava-Slovakia,Slovakia": null,
    "Las Rozas (Madrid)-Madrid-Spain,Spain": null,
    "Los Angeles - CA,United States of America": null,
    "Japan, Remote,Japan": null,
    "Singapore Remote Work,United States of America": null,
    "CRI - San Jose - San Jose (City Place),Costa Rica": null,
    "British Columbia Remote Work,Canada": null,
    "Sunbury-on-Thames-Surrey-United Kingdom,United Kingdom": null,
    "USA - IN - BURNS HARBOR,United States of America": null,
    "MEX - Jalisco - Guadalajara,Mexico": null,
    "ESP - AS - AVILES,Spain": null,
    "Naples,United States of America": null,
    "Utrecht - NL,Netherlands": null,
    "Cherry Hill, NJ,United States of America": null,
    "Taiyuan - CN,China": null,
    "Lauderdale Lakes,United States of America": null,
    "Kenmore,United States of America": null,
    "France, Paris,France": null,
    "Newark,United States of America": null,
    "Waltham, MA,United States of America": null,
    "China - Changsha,China": null,
    "Vitry-sur-Seine,France": {
        "lat": 48.78716,
        "lon": 2.40332
    },
    "Shanghai, China,China": {
        "lat": 31.22222,
        "lon": 121.45806
    },
    "Zhoukou,China": {
        "lat": 33.63333,
        "lon": 114.63333
    },
    "United States - Florida - Pensacola,United States of America": null,
    "Jinan-Shandong-China,China": null,
    "CHN - Jiangxi - Fuzhou,China": null,
    "Cluster Occidente - El Salvador,El Salvador": null,
    "Switzerland - Bern - Bern,Switzerland": null,
    "Canada - Toronto,Canada": null,
    "USA - California - Fresno,United States of America": null,
    "Springfield - IL - US,United States of America": null,
    "United States - Texas - McAllen,United States of America": null,
    "Vision Fund Office Tecamachalco,Mexico": null,
    "Glasgow-Glasgow-United Kingdom,United Kingdom": null,
    "United States - Virginia - Portsmouth,United States of America": null,
    "Bogota,Colombia": {
        "lat": 4.60971,
        "lon": -74.08175
    },
    "Australia - Brisbane,Australia": null,
    "Bridgewater, NJ,United States of America": null,
    "Warsaw-Poland-Poland,Poland": null,
    "Syracuse,United States of America": null,
    "Canberra, Australian Capital Territory, Australia,Australia": null,
    "Tempe-Arizona-United States of America,United States of America": null,
    "US - Georgia - Atlanta,United States of America": null,
    "Gainesville-Florida-United States of America,United States of America": null,
    "Bogota, Colombia (ZCL04),Colombia": null,
    "Denver-Colorado-United States of America,United States of America": null,
    "Bainbridge Island,United States of America": null,
    "Offsite, Thailand,Thailand": null,
    "Langhorne,United States of America": null,
    "US - Pennsylvania - Pittsburgh,United States of America": null,
    "Liverpool-Merseyside-United Kingdom,United Kingdom": null,
    "S\u00e3o Paulo-S\u00e3o Paulo-Brazil,Brazil": null,
    "Seattle-Washington-United States of America,United States of America": null,
    "NZL - AUK - AUCKLAND,New Zealand": null,
    "Navi Mumbai, India (Finicity),India": null,
    "Fort Collins, CO (CO29),United States of America": null,
    "Hannover-Lower Saxony-Germany,Germany": null,
    "USA - Florida - Orlando,United States of America": null,
    "Poland, Remote,Poland": null,
    "USA - Remote,United States of America": null,
    "USA - California - South San Francisco (Grand Ave),United States of America": null,
    "Pasadena,United States of America": null,
    "Perth, Western Australia, Australia,Australia": null,
    "Dalian,China": {
        "lat": 38.91222,
        "lon": 121.60222
    },
    "Chandler,United States of America": null,
    "Ladenburg-Baden Wuerttemberg-Germany,Germany": null,
    "Northhampton-Northamptonshire-United Kingdom,United Kingdom": null,
    "Austin-Texas-United States of America,United States of America": null,
    "Sarajevo, Bosnia And Herzegovina,Bosnia and Herzegovina": {
        "lat": 43.84864,
        "lon": 18.35644
    },
    "Stuart,United States of America": null,
    "Monterrey, Nuevo Le\u00f3n, Mexico,Mexico": null,
    "Oak Brook-Illinois-United States of America,United States of America": null,
    "Antofagasta-Antofagasta-Chile,Chile": null,
    "Frederick-Maryland-United States of America,United States of America": null,
    "Honolulu,United States of America": null,
    "Frick Waynesboro PA,United States of America": null,
    "Newton,United States of America": null,
    "USA - New York - Long Island,United States of America": null,
    "All, Minnesota, United States of America,United States of America": null,
    "York-Pennsylvania-United States of America,United States of America": null,
    "Rueil Malmaison - FR,France": null,
    "Doha-Doha-Qatar,Qatar": null,
    "Colombia - Cali,Colombia": null,
    "Riyadh,Saudi Arabia": {
        "lat": 24.68773,
        "lon": 46.72185
    },
    "Williston Park,United States of America": null,
    "Zola Predosa-Bologna-Italy,Italy": null,
    "Dallas, TX,United States of America": null,
    "London Park Royal,United Kingdom": null,
    "United States - Florida - Lake Mary,United States of America": null,
    "Home Working, Malaysia,Malaysia": null,
    "Madison,United States of America": null,
    "IND - TN - CHENNAI,India": null,
    "Merseburg-Saxony-Anhalt-Germany,Germany": null,
    "Leon-Guanajuato-Mexico,Mexico": null,
    "USA - Pennsylvania - Lower Gwynedd Township (Spring House),United States of America": null,
    "Vancouver, Canada,Canada": {
        "lat": 49.24966,
        "lon": -123.11934
    },
    "USA - MN - MINNEAPOLIS,United States of America": null,
    "Tainan City-Tainan City-Chinese Taiwan,Chinese Taiwan": null,
    "Oklahoma City-Oklahoma-United States of America,United States of America": null,
    "INDIA > MAHARASHTRA > RATNAGIRI : Remote,India": null,
    "Shoreline,United States of America": null,
    "Quezon City, Philippines,Philippines": {
        "lat": 14.6488,
        "lon": 121.0509
    },
    "Jersey City,United States of America": null,
    "Princeton Pike - NJ,United States of America": null,
    "Buenos Aires, Argentina,Argentina": {
        "lat": -34.61315,
        "lon": -58.37723
    },
    "FRA Sainte-Croix en-Plaine,France": null,
    "Vietnam - Ho Chi Minh City,Vietnam": null,
    "Belgium, Remote,Belgium": null,
    "Pf\u00e4ffikon-Schwyz-Switzerland,Switzerland": null,
    "Uruguay - Montevideo,Uruguay": null,
    "US, WA, Redmond,United States of America": null,
    "Anchorage-Alaska-United States of America,United States of America": null,
    "US - California - South San Francisco,United States of America": null,
    "North Las Vegas,United States of America": null,
    "Norfolk-Virginia-United States of America,United States of America": null,
    "Germany, Munich,Germany": null,
    "USA - Michigan,United States of America": null,
    "Madison Heights-Michigan-United States of America,United States of America": null,
    "Remote Utah,United States of America": null,
    "Ettlingen-Baden Wuerttemberg-Germany,Germany": null,
    "Taiwan - Taipei,China": null,
    "MANHATTAN - NY - US,United States of America": null,
    "VNM - Ho Chi Minh - Ho Chi Minh City (Le Duan),Vietnam": null,
    "New York, New York, United States of America,United States of America": null,
    "Arkansas Remote Work,United States of America": null,
    "Seattle 400 Dexter - WA - US,United States of America": null,
    "Brossard-Quebec-Canada,Canada": null,
    "Tampa - FL - US,United States of America": null,
    "Melbourne, Victoria, Australia,Australia": null,
    "USA Remote,United States of America": null,
    "Boynton Beach,United States of America": null,
    "US, TX, Austin,United States of America": null,
    "Montpellier,France": {
        "lat": 43.61093,
        "lon": 3.87635
    },
    "IND Mumbai Ashar IT Park,India": null,
    "Athens, Greece,Greece": {
        "lat": 37.98376,
        "lon": 23.72784
    },
    "Japan - Osaka,Japan": null,
    "ESP - CT - BARCELONA,Spain": null,
    "DEU Germering,Germany": null,
    "Chattanooga TN Branch,United States of America": null,
    "Hillsboro,United States of America": null,
    "Chevy Chase,United States of America": null,
    "Frankfurt,Germany": {
        "lat": 52.34714,
        "lon": 14.55062
    },
    "Home Working, United States,United States of America": null,
    "Israel - Remote,Israel": null,
    "New Jersey Remote Work,United States of America": null,
    "Panama City, Panama,Panama": {
        "lat": 8.9936,
        "lon": -79.51973
    },
    "Glasgow, United Kingdom,United Kingdom": {
        "lat": 55.86515,
        "lon": -4.25763
    },
    "London, Greater London,United Kingdom": null,
    "GBR - United Kingdom - United Kingdom,United Kingdom": null,
    "Tauranga-Bay of Plenty-New Zealand,New Zealand": null,
    "Krakow, Poland,Poland": {
        "lat": 50.06143,
        "lon": 19.93658
    },
    "United States - Texas - Remote,United States of America": null,
    "Idstein, Germany (ZWG86),Germany": null,
    "Warsaw - PL,Poland": null,
    "AUT - WIEN,Austria": null,
    "US - Washington - Seattle,United States of America": null,
    "USA - California - Sacramento,United States of America": null,
    "Southampton,United States of America": null,
    "Rio Rancho, New Mexico, United States of America,United States of America": null,
    "Spain - Madrid,Spain": null,
    "All, Mississippi, United States of America,United States of America": null,
    "Kansas City,United States of America": null,
    "USA - California - San Diego,United States of America": null,
    "Puer,China": null,
    "Bournemouth - Dorset - United Kingdom,United Kingdom": null,
    "Singapore,Singapore": {
        "lat": 1.28967,
        "lon": 103.85007
    },
    "Pakistan - Karachi,Pakistan": null,
    "USA CA - Milpitas 135,United States of America": null,
    "United States - California - Pleasanton,United States of America": null,
    "United States - Illinois - North Chicago,United States of America": null,
    "Taiyuan,China": {
        "lat": 37.86944,
        "lon": 112.56028
    },
    "Tijuana-Baja California-Mexico,Mexico": null,
    "Evansville,United States of America": null,
    "All Cities, Quebec, Canada,Canada": null,
    "MYS - PETALING JAYA,Malaysia": null,
    "ARG - Buenos Aires - Munro,Argentina": null,
    "Liuzhou - CN,China": null,
    "Crofton,United States of America": null,
    "USA DC Washington,United States of America": null,
    "INDIA - MADHYA PRADESH - INDORE,India": null,
    "Kaffrine, Senegal,Senegal": {
        "lat": 14.10594,
        "lon": -15.5508
    },
    "Boise,United States of America": null,
    "Orlando-Florida-United States of America,United States of America": null,
    "Philippines - Home Working,Philippines": null,
    "Flushing,United States of America": null,
    "Westford, Massachusetts, United States of America,United States of America": null,
    "Carquefou-Loire Atlantique-France,France": null,
    "United States - Maine - South Portland,United States of America": null,
    "New York - King - 5th Ave,United States of America": null,
    "Chiangmai-Chiang Mai-Thailand,Thailand": null,
    "Tangshan,China": {
        "lat": 39.64381,
        "lon": 118.18319
    },
    "Lake Charles-Louisiana-United States of America,United States of America": null,
    "Teaneck,United States of America": null,
    "Walnut,United States of America": null,
    "Cupertino,United States of America": null,
    "Zurich,Switzerland": {
        "lat": 47.36667,
        "lon": 8.55
    },
    "Napa,United States of America": null,
    "London South Quay,United Kingdom": null,
    "USA - Virginia - Virginia,United States of America": null,
    "Home Working, Kenya,Kenya": null,
    "Richmond Hill-Ontario-Canada,Canada": null,
    "Work Remotely - USA,United States of America": null,
    "PHL - QUEZON CITY,Philippines": null,
    "Norway,Norway": {
        "lat": 62.0,
        "lon": 10.0
    },
    "New Castle-Delaware-United States of America,United States of America": null,
    "CAN - NS - HALIFAX,Canada": null,
    "China - Hong Kong,Hong Kong": null,
    "Washington DC, United States,United States of America": null,
    "USA PR Cayey - Vicks Drive,United States of America": null,
    "Lancashire-Bury-United Kingdom,United Kingdom": null,
    "US - California - San Bernardino,United States of America": null,
    "Colombia > Medellin: Remote,Colombia": null,
    "NZL - Wellington - Upper Hutt (TVL),New Zealand": null,
    "Francisco Moraz\u00e1n, Honduras,Honduras": null,
    "Spring, Texas, United States of America,United States of America": null,
    "Lincolnton,United States of America": null,
    "Ra'anana, Center District, Israel,Israel": null,
    "AUS - NSW - ANY CITY,Australia": null,
    "Huntsville-Alabama-United States of America,United States of America": null,
    "Williston-Vermont-United States of America,United States of America": null,
    "Lewisville, TX - Third-party - CTDI (TX144),United States of America": null,
    "USA - CT - EAST HARTFORD,United States of America": null,
    "Westmont,United States of America": null,
    "Remote Germany,Germany": null,
    "Brazil, Remote,Brazil": null,
    "Canada : Remote,Canada": null,
    "Dublin, Ireland,Ireland": {
        "lat": 53.33306,
        "lon": -6.24889
    },
    "All, California, United States of America,United States of America": null,
    "Auburn Hills-Michigan-United States of America,United States of America": null,
    "N\u00fcrnberg-Bavaria-Germany,Germany": null,
    "Dover,United States of America": null,
    "Hagatna-Guam-United States of America,United States of America": null,
    "Richmond,United States of America": null,
    "Norfolk,United States of America": null,
    "Saysattha District, Lao People's Democratic Republic,Laos": null,
    "LIMA, PER,Peru": {
        "lat": -12.04318,
        "lon": -77.02824
    },
    "Lekki, Nigeria,Nigeria": {
        "lat": 6.41222,
        "lon": 4.0947
    },
    "Canada - Ontario - Mississauga,Canada": null,
    "Warsaw, Masovian, Poland,Poland": null,
    "USA - Pennsylvania - North Wales (Upper Gwynedd),United States of America": null,
    "Newport Beach,United States of America": null,
    "India - New Delhi,India": null,
    "Singapore, South West, Singapore,Singapore": null,
    "Hong Kong,Hong Kong": null,
    "USA PR - Humacao,United States of America": null,
    "Executive Office - Stockley Park, United Kingdom,United Kingdom": null,
    "Monroeville,United States of America": null,
    "Aichi - JP,Japan": null,
    "Germany - Neustadt am R\u00fcbenberge,Germany": null,
    "US - Indiana - Evansville,United States of America": null,
    "Port Moresby, Papua New Guinea,Papua New Guinea": {
        "lat": -9.47723,
        "lon": 147.1509
    },
    "Antofagasta, Chile,Chile": {
        "lat": -23.65236,
        "lon": -70.3954
    },
    "United States - Minnesota - Plymouth,United States of America": null,
    "Harrisonburg,United States of America": null,
    "Tomball,United States of America": null,
    "UK, Reading,United Kingdom": null,
    "Ukraine Offsite (ZKU99),Ukraine": null,
    "Delaware,United States of America": null,
    "B3G - Skyline Belgrade, Kneza Milosa 88, Belgrade,Serbia": null,
    "CHN - Zhejiang - Ningbo,China": null,
    "Greater Chicago Area,United States of America": null,
    "India > Kochi : Davids Pavilion,India": null,
    "Ohio Remote Work,United States of America": null,
    "United States - Kentucky - Lexington,United States of America": null,
    "Alabama, US Offsite,United States of America": null,
    "Klagenfurt,Austria": {
        "lat": 46.62472,
        "lon": 14.30528
    },
    "Hagerstown-Maryland-United States of America,United States of America": null,
    "Wuhan - CN,China": null,
    "West Saint Paul,United States of America": null,
    "Taiwan > Taipei : No. 407, Ruiguang Road,Taiwan": null,
    "Tours,France": {
        "lat": 47.39484,
        "lon": 0.70398
    },
    "All, Virginia, United States of America,United States of America": null,
    "Bangkok (Entity) Office BKV,Thailand": null,
    "Hanoi, Vietnam,Vietnam": {
        "lat": 21.0245,
        "lon": 105.84117
    },
    "Vadodara, India,India": {
        "lat": 22.29941,
        "lon": 73.20812
    },
    "Berwyn,United States of America": null,
    "Chico,United States of America": null,
    "Egypt - Cairo,Egypt": null,
    "Saint Matthews,United States of America": null,
    "Weihai - CN,China": null,
    "Laguna Niguel,United States of America": null,
    "Vietnam > Hanoi : Handi Resco Tower,Vietnam": null,
    "BE S&S - Beijing,China": {
        "lat": 16.65331,
        "lon": 96.04013
    },
    "Tampa-Florida-United States of America,United States of America": null,
    "Rocky Hill-Connecticut-United States of America,United States of America": null,
    "Slovakia : Remote,Slovakia": null,
    "Colombes,France": {
        "lat": 48.91882,
        "lon": 2.25404
    },
    "QAT - DA - DOHA,Qatar": null,
    "United States - Arizona - Casa Grande,United States of America": null,
    "United States - Texas - Tyler,United States of America": null,
    "TUN - ARIANA,Tunisia": null,
    "Flagstaff,United States of America": null,
    "Finland - Espoo,Finland": null,
    "Alesund-Romsdal-Norway,Norway": null,
    "USA WI Green Bay,United States of America": null,
    "United States - Massachusetts - Boston,United States of America": null,
    "USA AZ - Tucson - Valencia Road,United States of America": null,
    "United States - Washington DC - Washington DC,United States of America": null,
    "Kingston-Ontario-Canada,Canada": null,
    "Mission Hills,United States of America": null,
    "Kansas City - MO - US,United States of America": null,
    "United States - South Carolina - Greenville,United States of America": null,
    "China - Nanning,China": null,
    "Sun Valley,United States of America": null,
    "Miramar,United States of America": null,
    "South Portland,United States of America": null,
    "Japan - Sendai,Japan": null,
    "Algeria > Algiers : Micro-Zone d'activit\u00e9 Hydra,Algeria": null,
    "Tucson,United States of America": null,
    "United States - Illinois - Chicago,United States of America": null,
    "Zambezia/Milange, Mozambique,Mozambique": null,
    "Donaueschingen-Baden Wuerttemberg-Germany,Germany": null,
    "Fayetteville,United States of America": null,
    "US - Rhode Island - West Greenwich,United States of America": null,
    "Cyberjaya, Malaysia,Malaysia": {
        "lat": 2.92281,
        "lon": 101.65718
    },
    "Warsaw - Activision - Elsewhere,Poland": null,
    "Toronto, Canada (Ethoca),Canada": null,
    "USA - Mississippi - Jackson,United States of America": null,
    "DEU Nurnberg,Germany": null,
    "CHN - Hunan - Changsha,China": null,
    "Argentina - Florencio Varela,Argentina": null,
    "PA14 Paris,France": null,
    "Rolling Meadows,United States of America": null,
    "CHN - Henan - Zhengzhou (Kailin Business Center),China": null,
    "CHN - Xinjiang - Urumuqi (Tianshan District),China": null,
    "United States - Missouri - Columbia,United States of America": null,
    "India - Kolkata,India": null,
    "Spokane, Washington,United States of America": null,
    "USA PA Philadelphia - 1515 Market St. (CSC Location),United States of America": null,
    "Purchase, New York,United States of America": null,
    "Manchester-New Hampshire-United States of America,United States of America": null,
    "Indianapolis - RayzeBio - IN,United States of America": null,
    "Kaiserslautern, Germany,Germany": {
        "lat": 49.443,
        "lon": 7.77161
    },
    "UK, Belfast,United Kingdom": null,
    "Exeter,United States of America": null,
    "Muenchen 1,Germany": null,
    "Guatemala,Guatemala": {
        "lat": 15.5,
        "lon": -90.25
    },
    "Rockville-Virginia-United States of America,United States of America": null,
    "USA - Florida - Pensacola,United States of America": null,
    "Summit West - NJ,United States of America": null,
    "United States - Massachusetts - Springfield,United States of America": null,
    "Elmsford-New York-United States of America,United States of America": null,
    "Spain - Granada,Spain": null,
    "Newcastle-Tyne and Wear-United Kingdom,United Kingdom": null,
    "Dumfries,United States of America": null,
    "Italy - Milan,Italy": null,
    "Linthicum, MD,United States of America": null,
    "ARE - Dubai - Falak Building,United Arab Emirates": null,
    "United States - Nebraska - Lincoln,United States of America": null,
    "Liberty Lake,United States of America": null,
    "Spain, Madrid,Spain": null,
    "Reston,United States of America": null,
    "Singapore, Remote,Singapore": null,
    "Weihai, Shandong, China,China": null,
    "Ness Ziona, Center District, Israel,Israel": null,
    "JC Australia-GBI-SA,Australia": null,
    "Malaysia, Kuala Lumpur,Malaysia": null,
    "Bentonville,United States of America": null,
    "IND - Telangana - Hyderabad (HITEC City),India": null,
    "IRL - Dublin - Swords (Biotech),Ireland": null,
    "Mississauga, Ontario,Canada": null,
    "Manchester, Lancashire, United Kingdom,United Kingdom": null,
    "IND - Punjab - Ludhiana,India": null,
    "IND Ahmedabad,India": null,
    "United States - New York - Long Island,United States of America": null,
    "US - Texas - Dallas,United States of America": null,
    "Colonial Heights,United States of America": null,
    "BRA - MS - CAMPO GRANDE,Brazil": null,
    "Bogota, Cundinamarca, Colombia,Colombia": null,
    "Tacoma,United States of America": null,
    "Rancho Cucamonga-California-United States of America,United States of America": null,
    "Olathe,United States of America": null,
    "Mt Pearl-Newfoundland and Labrador-Canada,Canada": null,
    "India - Ahmedabad,India": null,
    "Greater Accra, Ghana,Ghana": null,
    "Texas - Austin,United States of America": null,
    "Toronto - Activision - Sledgehammer Games,Canada": null,
    "Madrid-Madrid-Spain,Spain": null,
    "Erfurt - DE,Germany": null,
    "Spring,United States of America": null,
    "Canada - Vancouver,Canada": null,
    "CZE - Central Bohemian - Prague (Five),Czechia": null,
    "IND - Andhra Pradesh - Nellore,India": null,
    "US - Pennsylvania - Philadelphia,United States of America": null,
    "Denver CO Branch,United States of America": null,
    "Germany - Wiesbaden-Delkenheim,Germany": null,
    "Tallahassee,United States of America": null,
    "USA \u2013 Virginia \u2013 Roanoke,United States of America": null,
    "US - Virginia - Richmond,United States of America": null,
    "CHN - Zhejiang - Hangzhou (Zhejiang Fo),China": null,
    "Silverwater, Australia,Australia": {
        "lat": -33.10396,
        "lon": 151.56364
    },
    "Malm\u00f6 - King - Storgatan,Sweden": null,
    "United States > Westbrook : 5 Bradley Drive,United States of America": null,
    "Towson,United States of America": null,
    "Long Island City-New York-United States of America,United States of America": null,
    "Medford Oregon,United States of America": null,
    "Petaluma,United States of America": null,
    "Canterbury-Canterbury-New Zealand,New Zealand": null,
    "Chennai, Tamil Nadu, India,India": null,
    "Remote Colorado,United States of America": null,
    "Boca Raton,United States of America": null,
    "Leinfelden-Echterdingen,Germany": {
        "lat": 48.69406,
        "lon": 9.16809
    },
    "Eugene,United States of America": null,
    "Vietnam - Hanoi,Vietnam": null,
    "Texas Remote Work,United States of America": null,
    "Totowa-New Jersey-United States of America,United States of America": null,
    "FRA - Pays de la Loire - Beaucouz\u00e9 (Si\u00e8ge),France": null,
    "Glasgow, UK (ZUK118),United Kingdom": null,
    "Offsite, Taiwan,Taiwan": null,
    "MEX - JAL - GUADALAJARA,Mexico": null,
    "Newburyport,United States of America": null,
    "USA, CA, Remote,nan": null,
    "Lindon,United States of America": null,
    "Trignac,France": {
        "lat": 47.31779,
        "lon": -2.18918
    },
    "Ravensburg- Baden Wurttemberg- Germany,Germany": null,
    "Arcadia,United States of America": null,
    "Bothell - WA - US,United States of America": null,
    "King of Prussia,United States of America": null,
    "Anaheim,United States of America": null,
    "Zhengzhou,China": {
        "lat": 34.75778,
        "lon": 113.64861
    },
    "AUS - Queensland - Murarrie,Australia": null,
    "Karen, Kenya,Kenya": null,
    "Edinburgh, United Kingdom,United Kingdom": {
        "lat": 55.95206,
        "lon": -3.19648
    },
    "Bridgeville,United States of America": null,
    "US - CO - Loveland - 3149 N Garfield Ave - Loveland Marketplace (CO1153),United States of America": null,
    "UK London Area OFFSITE,United Kingdom": null,
    "United States - Kentucky - Louisville,United States of America": null,
    "Fresno-California-United States of America,United States of America": null,
    "Australia > East Brisbane : 12 Mowbray Terrace,Australia": null,
    "Garden Grove,United States of America": null,
    "Meppen-Lower Saxony-Germany,Germany": null,
    "Do Not Use,Senegal": null,
    "Ashburn-Virginia-United States of America,United States of America": null,
    "Cork-County Cork-Ireland,Ireland": null,
    "Australia > Doncaster : 666 Doncaster Road,Australia": null,
    "USA - OK - TULSA,United States of America": null,
    "USA GA - Covington BMD,United States of America": null,
    "Jacksonville-Florida-United States of America,United States of America": null,
    "NY7 - 50 Hudson Yards, New York,United States of America": null,
    "WuHan, Hubei, China,China": null,
    "USA - Missouri - St. Louis,United States of America": null,
    "United States - Washington - Spokane,United States of America": null,
    "Upper Arlington,United States of America": null,
    "Irvine, CA,United States of America": null,
    "Carol Stream-Illinois-United States of America,United States of America": null,
    "USA - Virginia - FIELD,United States of America": null,
    "XFL-Regional - Florida,United States of America": null,
    "College Station,United States of America": null,
    "Evansville-Indiana-United States of America,United States of America": null,
    "Canada Ontario - Montreal Metro - Remote,Canada": null,
    "Patchogue,United States of America": null,
    "Sweden - Stockholm,Sweden": null,
    "USA - Kansas - Lenexa,United States of America": null,
    "San Antonio, TX,United States of America": null,
    "S\u00e3o Paulo,Brazil": {
        "lat": -23.5475,
        "lon": -46.63611
    },
    "CHN - Guangzhou - Tianhe,China": null,
    "Echt-Limburg-Netherlands,Netherlands": null,
    "Lewisville,United States of America": null,
    "NEW YORK,United States of America": null,
    "Reno,United States of America": null,
    "USA - VA - ANY CITY,United States of America": null,
    "IRL - Meath - Dunboyne,Ireland": null,
    "United States - Maine - Scarborough,United States of America": null,
    "UK, Cambridge,United Kingdom": null,
    "United States - Pennsylvania - Harrisburg,United States of America": null,
    "Kowloon-Kowloon-China-Hong Kong (SAR),China-Hong Kong (SAR)": null,
    "United States > Chicago : Willis Tower Building 233 S Wacker Dr.,United States of America": null,
    "Poland, Home Office,Poland": null,
    "Rancho Santa Margarita,United States of America": null,
    "Korea - Remote,Korea, Republic of": null,
    "USA UT - Sandy,United States of America": null,
    "Nerviano-Milano-Italy,Italy": null,
    "USA PA Cranberry Township 3120,United States of America": null,
    "Portsmouth,United States of America": null,
    "Quebec City Charles River Lab,Canada": null,
    "Singapore - SG,Singapore": null,
    "Ho Chi Minh City, Vietnam,Vietnam": {
        "lat": 10.82302,
        "lon": 106.62965
    },
    "USA - TX - ANY CITY,United States of America": null,
    "GBR - NBL - NEWCASTLE UPON TYNE,United Kingdom": null,
    "Bentonville-Arkansas-United States of America,United States of America": null,
    "Quincy,United States of America": null,
    "Cologno al Serio-Bergamo-Italy,Italy": null,
    "Germany - Munich (Research),Germany": null,
    "Bogota, Colombia (Bldg 978),Colombia": null,
    "Santa Barbara,United States of America": null,
    "Field - Romania - RO,Romania": null,
    "CHN - Fujian - Xiamen,China": null,
    "Greenville-South Carolina-United States of America,United States of America": null,
    "Dakar, Senegal,Senegal": {
        "lat": 14.6937,
        "lon": -17.44406
    },
    "XNY-Regional - New York,United States of America": null,
    "Papua, Indonesia,Indonesia": null,
    "Washington Remote Work,United States of America": null,
    "Coffs Harbour-New South Wales-Australia,Australia": null,
    "Cambridge, UK (ZUK140),United Kingdom": null,
    "COL - Cundinamarca - Bogot\u00e1 (Colpatria),Colombia": null,
    "VisionFund Office Boca del Rio, M\u00e9xico,Mexico": null,
    "Los Angeles, CA,United States of America": null,
    "JPN - FUJISAWA,Japan": null,
    "IND - HR - GURGAON,India": null,
    "Cork, Ireland (ZEI15),Ireland": null,
    "United States - California - Sacramento,United States of America": null,
    "Franklin, Massachusetts, United States,United States of America": null,
    "AUS - SA - ADELAIDE,Australia": null,
    "Middleton,United States of America": null,
    "BRA - Sao Paulo - Sao Paulo (Torre Z),Brazil": null,
    "Warrington,United States of America": null,
    "Istanbul, Turkey,T\u00fcrkiye": null,
    "Solihull-West Midlands-United Kingdom,United Kingdom": null,
    "North Little Rock-Arkansas-United States of America,United States of America": null,
    "Ireland - Dublin,Ireland": null,
    "China - Wuhan,China": null,
    "Taiwan - Taipei City,Taiwan": null,
    "San Francisco - King - 555 California Street,United States of America": null,
    "Fishers-Indiana-United States of America,United States of America": null,
    "MEX.Zapopan,Mexico": null,
    "Fort Worth, TX (TX135),United States of America": null,
    "Renwu District-Kaohsiung City-Chinese Taiwan,Chinese Taiwan": null,
    "United States - Alabama - Birmingham,United States of America": null,
    "Dublin - Activision - East Point Business Park,Ireland": null,
    "Las Vegas, NV,United States of America": null,
    "USA MA - Woburn,United States of America": null,
    "Batavia,United States of America": null,
    "USA MD - Sparks - 52/54 Loveton Circle,United States of America": null,
    "Clifton Park-New York-United States of America,United States of America": null,
    "Toronto-Ontario-Canada,Canada": null,
    "Westfield,United States of America": null,
    "AUS - VIC - MELBOURNE,Australia": null,
    "USA - Connecticut - FIELD,United States of America": null,
    "Winston Salem,United States of America": null,
    "Chicago, Illinois,United States of America": null,
    "United States - Oregon - Portland,United States of America": null,
    "St Petersburg, FL,United States of America": null,
    "Sweden Offsite (ZSE99),Sweden": null,
    "San Fernando,United States of America": null,
    "United States - Wisconsin - Milwaukee,United States of America": null,
    "Leipzig-Saxony-Germany,Germany": null,
    "DEU Kesselsdorf,Germany": null,
    "United Kingdom > Witney : Production Facility,United Kingdom": null,
    "Barangaroo,Australia": {
        "lat": -33.86031,
        "lon": 151.20161
    },
    "Ukraine - Kyiv,Ukraine": null,
    "St. Laurent, Quebec, Canada,Canada": null,
    "USA - IN - ANY CITY,United States of America": null,
    "Arizona - Remote,United States of America": null,
    "All, Arizona, United States of America,United States of America": null,
    "Taiwan  >  Taipei  :  Mingsheng Commercial Building,Taiwan": null,
    "Orem-Utah-United States of America,United States of America": null,
    "Valdosta,United States of America": null,
    "Scoppito,Italy": {
        "lat": 42.36948,
        "lon": 13.25936
    },
    "Porto Alegre, Rio Grande do Sul, Brazil,Brazil": null,
    "US - Texas - Austin,United States of America": null,
    "Blue Bell,United States of America": null,
    "North Carolina, US Offsite,United States of America": null,
    "Suzhou,China": {
        "lat": 33.63611,
        "lon": 116.97889
    },
    "China - Hangzhou,China": null,
    "United States - Nevada - Las Vegas,United States of America": null,
    "Val-de-Reuil,France": {
        "lat": 49.27385,
        "lon": 1.21021
    },
    "United States - Texas - San Antonio,United States of America": null,
    "Germany Offsite (ZWG99),Germany": null,
    "Chile - Santiago,Chile": null,
    "Colombo, Sri Lanka - National Office,Sri Lanka": null,
    "Palm Beach,United States of America": null,
    "Sioux Falls,United States of America": null,
    "Helsinki,Finland": {
        "lat": 60.16952,
        "lon": 24.93545
    },
    "CAN - QC - ANY CITY,Canada": null,
    "Hornslet-East Jutland-Denmark,Denmark": null,
    "United States - Missouri - St. Louis,United States of America": null,
    "Thanh pho Da Nang, Vietnam,Vietnam": null,
    "Hampton,United States of America": null,
    "China, Guangzhou,China": null,
    "United States - Oregon - Salem,United States of America": null,
    "British Columbia,CAN Offsite,Canada": null,
    "Bukit Mertajam, Malaysia,Malaysia": {
        "lat": 5.36301,
        "lon": 100.4667
    },
    "Serbia - Novi Beograd,Serbia": null,
    "Allen, TX (TX139),United States of America": null,
    "United States - Arizona - Tucson,United States of America": null,
    "US - Minnesota - Minneapolis,United States of America": null,
    "Mexico City Office MXS1,Mexico": null,
    "US, WA, Remote,United States of America": null,
    "Minato-ku,Japan": null,
    "Ellicott City,United States of America": null,
    "Maryland Remote Work,United States of America": null,
    "Hangzhou,China": {
        "lat": 30.29365,
        "lon": 120.16142
    },
    "United States - Florida - Orlando,United States of America": null,
    "Lakewood Ranch,United States of America": null,
    "POL - MA - KRAKOW,Poland": null,
    "Spain : Remote,Spain": null,
    "All, Washington, United States of America,United States of America": null,
    "US, MA, Westford,United States of America": null,
    "Kochi-Kerala-India,India": null,
    "Asheville NC Branch,United States of America": null,
    "Heze - CN,China": null,
    "Santa Monica,United States of America": null,
    "United Kingdom-Dundee,United Kingdom": null,
    "Bluffton,United States of America": null,
    "SV18 Silicon Valley,United States of America": null,
    "Xian,China": null,
    "Durango-Durango-Mexico,Mexico": null,
    "Missouri - Remote,United States of America": null,
    "Alberta, Canada,Canada": null,
    "Frisco, Texas, United States of America,United States of America": null,
    "Barcelona, Spain,Spain": {
        "lat": 41.38879,
        "lon": 2.15899
    },
    "United States - New Jersey - Jersey City,United States of America": null,
    "Mumbai,India": {
        "lat": 19.07283,
        "lon": 72.88261
    },
    "USA - New Jersey - Rahway,United States of America": null,
    "Ottawa-Ontario-Canada,Canada": null,
    "United States - Pennsylvania - Johnstown,United States of America": null,
    "Hoejbjerg-Aarhus-Denmark,Denmark": null,
    "Brussels,Belgium": {
        "lat": 50.85045,
        "lon": 4.34878
    },
    "Oregon City,United States of America": null,
    "United States > Lake Mary : 1101 Greenwood Boulevard,United States of America": null,
    "Poland - Remote,Poland": null,
    "Idaho Remote Work,United States of America": null,
    "New York - NY - US,United States of America": null,
    "NOR - BERGEN,Norway": null,
    "Singapore, Central Singapore, Singapore,Singapore": null,
    "Horsens-Jutland-Denmark,Denmark": null,
    "Ridgewood,United States of America": null,
    "Alabama Remote Work,United States of America": null,
    "United States > Minnesota > Plymouth : 5050 Nathan Lane N,United States of America": null,
    "Nebraska Remote Work,United States of America": null,
    "Le Lignon,Switzerland": null,
    "INDIA - MADHYA PRADESH - CHHINDWARA,India": null,
    "New South Wales, Australia,Australia": null,
    "All, Tennessee, United States of America,United States of America": null,
    "Dundee - Scotland - United Kingdom,United Kingdom": null,
    "Dunkirk,United States of America": null,
    "MASSACHUSETTS VIRTUAL, USA,United States of America": null,
    "Doha, Qatar,Qatar": {
        "lat": 25.28545,
        "lon": 51.53096
    },
    "GBR Cambridge,United Kingdom": null,
    "Norway - Oslo,Norway": null,
    "Easton,United States of America": null,
    "CHN - Shandong - Linyi,China": null,
    "USA - MI - AUBURN HILLS,United States of America": null,
    "Auburn Hills,United States of America": null,
    "USA - Virginia - Richmond,United States of America": null,
    "Spartanburg-South Carolina-United States of America,United States of America": null,
    "Rotkreuz,Switzerland": {
        "lat": 47.14283,
        "lon": 8.4314
    },
    "Augusta-Georgia-United States of America,United States of America": null,
    "Corvallis,United States of America": null,
    "Miami,United States of America": null,
    "Salt Lake City,United States of America": null,
    "USA - Connecticut - New Haven,United States of America": null,
    "Gurgaon-Haryana-India,India": null,
    "US - North Carolina - Charlotte,United States of America": null,
    "Vision Fund Office Nezahualcoyotl,Mexico": null,
    "VNM - HO CHI MINH CITY,Vietnam": null,
    "United States - Florida - Tampa,United States of America": null,
    "United States - Florida - Miami,United States of America": null,
    "Annapolis,United States of America": null,
    "USA - NH - ANY CITY,United States of America": null,
    "US, MO, St. Louis,United States of America": null,
    "Weston, FL,United States of America": null,
    "Bangalore,India": {
        "lat": 12.97194,
        "lon": 77.59369
    },
    "Milpitas,United States of America": null,
    "Malaysia > Selangor : Imazium, No. 8, Jalan SS 21/37,Malaysia": null,
    "Tegucigalpa, Honduras,Honduras": {
        "lat": 14.0818,
        "lon": -87.20681
    },
    "Atlanta GA Branch,United States of America": null,
    "Calumet City-Illinois-United States of America,United States of America": null,
    "Canada - Burnaby,Canada": null,
    "Sherman Oaks,United States of America": null,
    "Urumqi,China": {
        "lat": 43.80096,
        "lon": 87.60046
    },
    "US, DC, Remote,United States of America": null,
    "Warsaw,Poland": {
        "lat": 52.22977,
        "lon": 21.01178
    },
    "Dunstable, England (Vocalink),United Kingdom": null,
    "Manteca,United States of America": null,
    "Alpharetta, Georgia, United States of America,United States of America": null,
    "USA - Illinois - Chicago,United States of America": null,
    "United States - South Carolina - Columbia,United States of America": null,
    "Spain,Spain": {
        "lat": 40.0,
        "lon": -4.0
    },
    "USA - Massachusetts - Boston (MA Parcel B Laboratory),United States of America": null,
    "Arica, Chile,Chile": {
        "lat": -18.4746,
        "lon": -70.29792
    },
    "Santa Maria,United States of America": null,
    "Encinitas,United States of America": null,
    "Bala Cynwyd,United States of America": null,
    "CHN - Guangdong - Shenzhen (Futian District),China": null,
    "Poland - Warsaw,Poland": null,
    "PA13A Paris,France": null,
    "Hong Kong, STP,Hong Kong": null,
    "Napier-Hawke's Bay-New Zealand,New Zealand": null,
    "Canada - Quebec - Montreal,Canada": null,
    "Dubai, United Arab Emirates (Transfast),United Arab Emirates": null,
    "Schio, Italy,Italy": {
        "lat": 45.71262,
        "lon": 11.35671
    },
    "Erandio-Vizcaya-Spain,Spain": null,
    "DEU - SN - DRESDEN,Germany": null,
    "CZE - MO - OSTRAVA,Czechia": null,
    "Nanjing,China": {
        "lat": 32.06167,
        "lon": 118.77778
    },
    "Whittier,United States of America": null,
    "PHL - National Capital Region - Makati,Philippines": null,
    "Voyenenga-Voyenenga-Norway,Norway": null,
    "Renton,United States of America": null,
    "Wien/Vienna-Vienna-Austria,Austria": null,
    "Huntington Beach,United States of America": null,
    "All, Oklahoma, United States of America,United States of America": null,
    "Petersburg,United States of America": null,
    "NLD - North Brabant - Oss (Molenstraat),Netherlands": null,
    "AKRON, OH, USA,United States of America": null,
    "Miramar-Florida-United States of America,United States of America": null,
    "Milpitas, California, United States of America,United States of America": null,
    "CHN - SHANGHAI,China": null,
    "SA - Dublin Taurus 1 (Europe HQ),Ireland": null,
    "Mexico - Remote,Mexico": null,
    "United States - Texas - Dallas,United States of America": null,
    "United States - California - Alameda,United States of America": null,
    "SS Guadalajara Mex,Mexico": null,
    "Liverpool, NY - Warehouse (NY53),United States of America": null,
    "Slough,United Kingdom": {
        "lat": 51.50949,
        "lon": -0.59541
    },
    "US - Virginia - Alexandria,United States of America": null,
    "Albuquerque-New Mexico-United States of America,United States of America": null,
    "Riobamba, Ecuador,Ecuador": {
        "lat": -1.67098,
        "lon": -78.64712
    },
    "Kansas City, Missouri,United States of America": null,
    "Phoenix/Mesa/Scottsdale Metro,United States of America": null,
    "Regina-Saskatchewan-Canada,Canada": null,
    "United States - Massachusetts - Burlington,United States of America": null,
    "NLD - ZH - RIJSWIJK,Netherlands": null,
    "Saint Louis,United States of America": null,
    "Prescott,United States of America": null,
    "PER - Lima - Lima (Andres Reyes WeWork),Peru": null,
    "Lesquin-Nord-Pas de Calais-France,France": null,
    "Ottawa,Canada": {
        "lat": 45.41117,
        "lon": -75.69812
    },
    "CHN - Beijing - Beijing (Oriental Towers),China": null,
    "Daly City,United States of America": null,
    "New Zealand, Auckland,New Zealand": null,
    "Mumbai-Maharashtra-India,India": null,
    "Shanghai - CN,China": null,
    "USA - Nebraska - Elkhorn,United States of America": null,
    "NC169 - Durham, North Carolina (NC169),United States of America": null,
    "Simi Valley,United States of America": null,
    "India - Bangalore,India": null,
    "IRL - Louth County - Dundalk,Ireland": null,
    "Oslo, Norway (haavard martinsens vei),Norway": null,
    "Cienega de Flores-Nuevo Leon-Mexico,Mexico": null,
    "USA - Alabama - FIELD,United States of America": null,
    "NZL - WGN - WELLINGTON,New Zealand": null,
    "NLD - North Holland - Haarlem,Netherlands": null,
    "USA OK Oklahoma City,United States of America": null,
    "Hanover,United States of America": null,
    "Indiana - Indianapolis,United States of America": null,
    "United States - Texas - Fort Worth,United States of America": null,
    "Livermore,United States of America": null,
    "ISR - North Central District - Netanya,Israel": null,
    "California Southern Remote Work,United States of America": null,
    "Linz-Upper Austria-Austria,Austria": null,
    "Uzbekistan - Tashkent,Uzbekistan": null,
    "Battle Ground,United States of America": null,
    "Coral Springs,United States of America": null,
    "VisionFund Office Puebla, M\u00e9xico,Mexico": null,
    "Montreal, Quebec,Canada": null,
    "Cheyenne-Wyoming-United States of America,United States of America": null,
    "Fairfax,United States of America": null,
    "Goyang, South Korea (ZKR45),Korea, Republic of": null,
    "ITA - TO - TORINO,Italy": null,
    "US - Missouri - Kansas City,United States of America": null,
    "USA CA - San Diego (BDB),United States of America": null,
    "Hacienda Heights,United States of America": null,
    "Alleroed, Capital, Denmark,Denmark": null,
    "CH - ZH - WALLISELLEN,Switzerland": null,
    "Cernusco sul Navigli, Milano, Italy,Italy": null,
    "High Point-North Carolina-United States of America,United States of America": null,
    "Cheyenne/Ft Collins WY Sls Off,United States of America": null,
    "US - Pennsylvania - Allentown,United States of America": null,
    "Puteaux, Hauts-de-Seine, France,France": null,
    "Phoenix - AZ - US,United States of America": null,
    "CHN - Shanghai - Shanghai (Trading),China": null,
    "Brentwood,United States of America": null,
    "Wyoming Remote Work,United States of America": null,
    "Tokyo,Japan": {
        "lat": 35.6895,
        "lon": 139.69171
    },
    "Las Vegas-Nevada-United States of America,United States of America": null,
    "AUT - Austria - Austria,Austria": null,
    "Mechanicsville,United States of America": null,
    "Kearney NE Branch,United States of America": null,
    "Global, Global,United States of America": null,
    "GC Home Working, United Kingdom,United Kingdom": null,
    "JP Minato-ku,Japan": null,
    "Khao Yoi, Phetchaburi, Thailand,Thailand": null,
    "Brisbane-Queensland-Australia,Australia": null,
    "Vision Fund Office Pachuca,Mexico": null,
    "Woodland Hills,United States of America": null,
    "Ellenton,United States of America": null,
    "Lima, Lima, Peru,Peru": null,
    "Overland Park,United States of America": null,
    "US - California - Thousand Oaks,United States of America": null,
    "Rutherford,United States of America": null,
    "All, Massachusetts, United States of America,United States of America": null,
    "Argentina - Buenos Aires,Argentina": null,
    "IRL - Carlow - Carlow,Ireland": null,
    "Belgium - Diegem,Belgium": null,
    "Otemachi-JP,Japan": null,
    "USA WI Marinette Stanton,United States of America": null,
    "Lawrenceville,United States of America": null,
    "Netherlands - Olst,Netherlands": null,
    "USA VA Richmond,United States of America": null,
    "Stillwater,United States of America": null,
    "Kolkata, West Bengal, India,India": null,
    "Malaysia > Perak : 11, Lintasan Perajurit 6,Malaysia": null,
    "China, Remote,China": null,
    "Algiers, Algeria (ZAL03),Algeria": null,
    "Boeblingen, Baden-Wurttemberg, Germany,Germany": null,
    "Munich,Germany": {
        "lat": 48.13743,
        "lon": 11.57549
    },
    "China > Hangzhou : #198 12th Street, Hangzhou Economic & Technological Development Area,China": null,
    "Miami FL Branch,United States of America": null,
    "USA MA Boston - 88 Black Falcon Ave. (CSC Location),United States of America": null,
    "Marcy-l'Etoile,France": {
        "lat": 45.78118,
        "lon": 4.7062
    },
    "IND - Maharashtra - Pune (Wework),India": null,
    "Kentucky - Remote,United States of America": null,
    "District of Columbia - Washington,United States of America": null,
    "USA, OH, Remote,nan": null,
    "Carrollton,United States of America": null,
    "Englishtown,United States of America": null,
    "US, NY, New York,United States of America": null,
    "Playa Vista,United States of America": null,
    "Izmir-Izmir-Turkey,T\u00fcrkiye": null,
    "Wichita-Kansas-United States of America,United States of America": null,
    "NLD - Utrecht - De Bilt,Netherlands": null,
    "Pepper Pike,United States of America": null,
    "Salisbury, MD,United States of America": null,
    "USA FL - Stuart Airport Road,United States of America": null,
    "American Fork, Utah,United States of America": null,
    "Exeter \u2013 Devon \u2013 United kingdom,United Kingdom": null,
    "China - Guilin,China": null,
    "USA, TX, Austin,United States of America": null,
    "Buenos Aires,Argentina": {
        "lat": -34.61315,
        "lon": -58.37723
    },
    "Savelugu, Ghana,Ghana": {
        "lat": 9.62376,
        "lon": -0.82705
    },
    "Chicago,United States of America": null,
    "Istanbul, Turkey,Turkey": null,
    "Zhengzhou-Henan-China,China": null,
    "United States > Massachusetts > Westford : 4 Robbins Road,United States of America": null,
    "GEORGIA VIRTUAL, USA,United States of America": null,
    "Bordon-Hampshire-United Kingdom,United Kingdom": null,
    "Edinburgh, Scotland,United Kingdom": null,
    "USA - California - FIELD,United States of America": null,
    "Yoro, Honduras,Honduras": {
        "lat": 15.1375,
        "lon": -87.12778
    },
    "Canada - British Columbia,Canada": null,
    "Mount Dora,United States of America": null,
    "Remote Chile,Chile": null,
    "United States - Virginia - Richmond,United States of America": null,
    "ONTARIO VIRTUAL, CAN,Canada": null,
    "US - Puerto Rico - Juncos,United States of America": null,
    "Paris Office PAO,France": null,
    "Oslo, Norway,Norway": {
        "lat": 59.91273,
        "lon": 10.74609
    },
    "Letchworth-Hertfordshire-United Kingdom,United Kingdom": null,
    "Alsdorf, Germany (ZWG168),Germany": null,
    "McAllen-Texas-United States of America,United States of America": null,
    "PRT - PACO DE ARCOS,Portugal": null,
    "Chapel Hill,United States of America": null,
    "IND - Madhya Pradesh - Bhopal,India": null,
    "Hong Kong, Remote,Hong Kong": null,
    "USA, NY, Home Office,United States of America": null,
    "Montrose,United States of America": null,
    "USA MO St Louis,United States of America": null,
    "Brazil > Sao Paulo : Rua Itapeva, 538-5 ao 8 andares B,Brazil": null,
    "Chicopee,United States of America": null,
    "Cork, Ireland - Business CNTR (ZEI16),Ireland": null,
    "Dallas-Texas-United States of America,United States of America": null,
    "Nantucket,United States of America": null,
    "Arawa, Papua New Guinea,Papua New Guinea": {
        "lat": -6.22977,
        "lon": 155.56598
    },
    "Boise, Idaho, United States of America,United States of America": null,
    "USA - MI - ANY CITY,United States of America": null,
    "United Kingdom - Cardif,United Kingdom": null,
    "All, Utah, United States of America,United States of America": null,
    "CHN - Sichuan - Chengdu (Jinjiang District),China": null,
    "West Valley City-Utah-United States of America,United States of America": null,
    "India - Pune,India": null,
    "US, WI, Remote,United States of America": null,
    "Oosterwolde-Friesland-Netherlands,Netherlands": null,
    "Raleigh,United States of America": null,
    "Edison-New Jersey-United States of America,United States of America": null,
    "Silver Spring,United States of America": null,
    "Dalian, Liaoning, China,China": null,
    "India > Mumbai : Mumbai Development Center - EPD,India": null,
    "Vero Beach,United States of America": null,
    "Akron-Ohio-United States of America,United States of America": null,
    "El Paso-Texas-United States of America,United States of America": null,
    "Portugal - Lisbon,Portugal": null,
    "India, Hyderabad,India": null,
    "Hengyang - CN,China": null,
    "USA - North Carolina,United States of America": null,
    "Taiwan, Taipei,Taiwan": null,
    "Shanghai, Shanghai, China,China": null,
    "United Arab Emirates - Dubai,United Arab Emirates": null,
    "Houston,United States of America": null,
    "Colombia - Medell\u00edn,Colombia": null,
    "Bo, Sierra Leone,Sierra Leone": {
        "lat": 7.96472,
        "lon": -11.73833
    },
    "Nashville, Tennessee, United States,United States of America": null,
    "Spain Offsite (ZES99),Spain": null,
    "GBR - BER - READING,United Kingdom": null,
    "Louisiana, US Offsite,United States of America": null,
    "Estero,United States of America": null,
    "Nevada, US Offsite,United States of America": null,
    "Honduras - Remote,Honduras": null,
    "USA - Florida - Jacksonville,United States of America": null,
    "Wellesley Hills,United States of America": null,
    "East Windsor,United States of America": null,
    "San Antonio, Texas, United States of America,United States of America": null,
    "Chantilly-Virginia-United States of America,United States of America": null,
    "Australia > Eight Mile Plains : Building 1, Ground Floor, Freeway Office Park, 2728 Logan Road, Eight Mile Plains,Australia": null,
    "Mianyang,China": {
        "lat": 31.46784,
        "lon": 104.68168
    },
    "USA - MI - DETROIT,United States of America": null,
    "California, United States,United States of America": {
        "lat": 38.62753,
        "lon": -92.56658
    },
    "United States - Massachusetts - Westford,United States of America": null,
    "Kingwood,United States of America": null,
    "China, Beijing,China": null,
    "Armenia, Yerevan,Armenia": null,
    "China - Zhuzhou,China": null,
    "JC S&S Cinisello B. HQ,Italy": null,
    "Gorinchem-South Holland-Netherlands,Netherlands": null,
    "CH10x Chicago,United States of America": null,
    "Sweden - Stockholm - Kista,Sweden": null,
    "USA - Pennsylvania - Philadelphia,United States of America": null,
    "New York - Remote,United States of America": null,
    "Beijing,China": {
        "lat": 39.9075,
        "lon": 116.39723
    },
    "United States - Illinois - Lake Forest,United States of America": null,
    "GBR Leeds,United Kingdom": null,
    "Sofia,Bulgaria": {
        "lat": 42.69751,
        "lon": 23.32415
    },
    "Singapore - Singapore,Singapore": null,
    "Mont sur Lausanne-Vaud-Switzerland,Switzerland": null,
    "Shah Alam-Selangor-Malaysia,Malaysia": null,
    "Kuala Lumpur, Selangor, Malaysia,Malaysia": null,
    "Auckland, New Zealand,New Zealand": {
        "lat": -36.84853,
        "lon": 174.76349
    },
    "Pacific Palisades,United States of America": null,
    "Monterey,United States of America": null,
    "Shibuya-ku-Tokyo-Japan,Japan": null,
    "Sant Boi-Barcelona-Spain,Spain": null,
    "USA, CA, Pleasanton,United States of America": null
}